class,dwell time
dark,0.35000000000000003
bright,15.200000000000001
dark,10.450000000000001
bright,13.450000000000001
dark,5.15
bright,8.35
dark,2.85
bright,1.9000000000000001
dark,15.600000000000001
bright,2.8000000000000003
dark,11.75
bright,12.200000000000001
dark,200000.0
