class,dwell time
dark,8.8
bright,21.75
dark,21.950000000000003
bright,6.8500000000000005
dark,7.8500000000000005
bright,9.450000000000001
dark,18.2
bright,5.2
dark,200000.0
