class,dwell time
dark,19.450000000000003
bright,1.3
dark,1.0
bright,12.15
dark,1.2000000000000002
bright,30.25
dark,6.5
bright,4.3
dark,21.900000000000002
bright,1.55
dark,200000.0
